-- phpMyAdmin SQL Dump
-- version 5.1.1
-- https://www.phpmyadmin.net/
--
-- Host: 127.0.0.1
-- Generation Time: Jul 13, 2021 at 05:22 AM
-- Server version: 10.4.19-MariaDB
-- PHP Version: 8.0.7

SET SQL_MODE = "NO_AUTO_VALUE_ON_ZERO";
START TRANSACTION;
SET time_zone = "+00:00";


/*!40101 SET @OLD_CHARACTER_SET_CLIENT=@@CHARACTER_SET_CLIENT */;
/*!40101 SET @OLD_CHARACTER_SET_RESULTS=@@CHARACTER_SET_RESULTS */;
/*!40101 SET @OLD_COLLATION_CONNECTION=@@COLLATION_CONNECTION */;
/*!40101 SET NAMES utf8mb4 */;

--
-- Database: `swatify`
--

-- --------------------------------------------------------

--
-- Table structure for table `albums`
--

CREATE TABLE `albums` (
  `id` int(11) NOT NULL,
  `title` varchar(250) NOT NULL,
  `artist` int(11) NOT NULL,
  `genre` int(11) NOT NULL,
  `artworkPath` varchar(500) NOT NULL
) ENGINE=InnoDB DEFAULT CHARSET=utf8mb4;

--
-- Dumping data for table `albums`
--

INSERT INTO `albums` (`id`, `title`, `artist`, `genre`, `artworkPath`) VALUES
(1, 'Dark Before Dawn', 2, 1, 'assets/images/artwork/Dark Before Dawn.jpg'),
(2, 'Scream Aim Fire', 1, 1, 'assets/images/artwork/Scream Aim Fire.jpg'),
(3, 'Disobey', 3, 2, 'assets/images/artwork/Disobey.jpg'),
(4, 'War is the Answer', 4, 2, 'assets/images/artwork/War is the Answer.jpg'),
(5, 'Awake', 5, 1, 'assets/images/artwork/Awake.jpg');

-- --------------------------------------------------------

--
-- Table structure for table `artists`
--

CREATE TABLE `artists` (
  `id` int(11) NOT NULL,
  `name` varchar(50) NOT NULL
) ENGINE=InnoDB DEFAULT CHARSET=utf8mb4;

--
-- Dumping data for table `artists`
--

INSERT INTO `artists` (`id`, `name`) VALUES
(1, 'Bullet for my Valentine'),
(2, 'Breaking Benjamin'),
(3, 'Bad Wolves'),
(4, 'Five Finger Death Punch'),
(5, 'Skillet');

-- --------------------------------------------------------

--
-- Table structure for table `genres`
--

CREATE TABLE `genres` (
  `id` int(11) NOT NULL,
  `name` varchar(50) NOT NULL
) ENGINE=InnoDB DEFAULT CHARSET=utf8mb4;

--
-- Dumping data for table `genres`
--

INSERT INTO `genres` (`id`, `name`) VALUES
(1, 'Rock'),
(2, 'Metal'),
(3, 'Punk'),
(4, 'Hard Rock'),
(5, 'Heavy Metal');

-- --------------------------------------------------------

--
-- Table structure for table `playlists`
--

CREATE TABLE `playlists` (
  `id` int(11) NOT NULL,
  `name` varchar(50) NOT NULL,
  `owner` varchar(50) NOT NULL,
  `dateCreated` datetime NOT NULL
) ENGINE=InnoDB DEFAULT CHARSET=utf8mb4;

--
-- Dumping data for table `playlists`
--

INSERT INTO `playlists` (`id`, `name`, `owner`, `dateCreated`) VALUES
(1, 'My first playlist', 'teagan.long', '2021-07-12 00:00:00');

-- --------------------------------------------------------

--
-- Table structure for table `playlistsongs`
--

CREATE TABLE `playlistsongs` (
  `id` int(11) NOT NULL,
  `songId` int(11) NOT NULL,
  `playlistId` int(11) NOT NULL,
  `playlistOrder` int(11) NOT NULL
) ENGINE=InnoDB DEFAULT CHARSET=utf8mb4;

--
-- Dumping data for table `playlistsongs`
--

INSERT INTO `playlistsongs` (`id`, `songId`, `playlistId`, `playlistOrder`) VALUES
(1, 2, 1, 1),
(2, 3, 1, 2),
(3, 4, 1, 3),
(4, 6, 1, 4),
(12, 7, 1, 5);

-- --------------------------------------------------------

--
-- Table structure for table `songs`
--

CREATE TABLE `songs` (
  `id` int(11) NOT NULL,
  `title` varchar(250) NOT NULL,
  `artist` int(11) NOT NULL,
  `album` int(11) NOT NULL,
  `genre` int(11) NOT NULL,
  `duration` varchar(8) NOT NULL,
  `path` varchar(500) NOT NULL,
  `albumOrder` int(11) NOT NULL,
  `plays` int(11) NOT NULL
) ENGINE=InnoDB DEFAULT CHARSET=utf8mb4;

--
-- Dumping data for table `songs`
--

INSERT INTO `songs` (`id`, `title`, `artist`, `album`, `genre`, `duration`, `path`, `albumOrder`, `plays`) VALUES
(1, 'Ashes of Eden', 2, 1, 1, '4:57', 'assets/music/Breaking Benjamin - Ashes of Eden.mp3', 1, 18),
(2, 'Zombie', 3, 3, 2, '4:14', 'assets/music/Bad Wolves - Zombie.mp3', 1, 27),
(3, 'Scream Aim Fire', 1, 2, 1, '4:26', 'assets/music/Bullet for My Valentine - Scream Aim Fire.mp3', 1, 24),
(4, 'Far From Home', 4, 4, 2, '3:33', 'assets/music/Five Finger Death Punch - Far From Home.mp3', 1, 30),
(5, 'One Day Too Late', 5, 5, 1, '3:40', 'assets/music/Skillet - One Day Too Late.mp3', 1, 32),
(6, 'Hero', 5, 5, 1, '3:05', 'assets/music/Skillet - Hero.mp3', 2, 24),
(7, 'Monster', 5, 5, 1, '3:01', 'assets/music/Skillet - Monster.mp3', 3, 19),
(8, 'Don\'t Wake Me', 5, 5, 1, '4:04', 'assets/music/Skillet - Don\'t Wake Me.mp3', 4, 17);

-- --------------------------------------------------------

--
-- Table structure for table `users`
--

CREATE TABLE `users` (
  `id` int(11) NOT NULL,
  `username` varchar(25) NOT NULL,
  `firstName` varchar(50) NOT NULL,
  `lastName` varchar(50) NOT NULL,
  `email` varchar(200) NOT NULL,
  `password` varchar(32) NOT NULL,
  `signUpDate` datetime NOT NULL,
  `profilePic` varchar(500) NOT NULL
) ENGINE=InnoDB DEFAULT CHARSET=utf8mb4;

--
-- Dumping data for table `users`
--

INSERT INTO `users` (`id`, `username`, `firstName`, `lastName`, `email`, `password`, `signUpDate`, `profilePic`) VALUES
(1, 'teagan.long', 'Teagan', 'Long', 'teagan.long3@gmail.com', 'cfb1fae597019772501aae2a638a3806', '2021-07-07 00:00:00', 'assets/images/profile-pics/sample-profile.jpg'),
(2, 'donkey-kong', 'Donkey', 'Kong', 'Dk@yahoo.com', '7c6a180b36896a0a8c02787eeafb0e4c', '2021-07-07 00:00:00', 'assets/images/profile-pics/sample-profile.jpg');

--
-- Indexes for dumped tables
--

--
-- Indexes for table `albums`
--
ALTER TABLE `albums`
  ADD PRIMARY KEY (`id`);

--
-- Indexes for table `artists`
--
ALTER TABLE `artists`
  ADD PRIMARY KEY (`id`);

--
-- Indexes for table `genres`
--
ALTER TABLE `genres`
  ADD PRIMARY KEY (`id`);

--
-- Indexes for table `playlists`
--
ALTER TABLE `playlists`
  ADD PRIMARY KEY (`id`);

--
-- Indexes for table `playlistsongs`
--
ALTER TABLE `playlistsongs`
  ADD PRIMARY KEY (`id`);

--
-- Indexes for table `songs`
--
ALTER TABLE `songs`
  ADD PRIMARY KEY (`id`);

--
-- Indexes for table `users`
--
ALTER TABLE `users`
  ADD PRIMARY KEY (`id`);

--
-- AUTO_INCREMENT for dumped tables
--

--
-- AUTO_INCREMENT for table `albums`
--
ALTER TABLE `albums`
  MODIFY `id` int(11) NOT NULL AUTO_INCREMENT, AUTO_INCREMENT=6;

--
-- AUTO_INCREMENT for table `artists`
--
ALTER TABLE `artists`
  MODIFY `id` int(11) NOT NULL AUTO_INCREMENT, AUTO_INCREMENT=6;

--
-- AUTO_INCREMENT for table `genres`
--
ALTER TABLE `genres`
  MODIFY `id` int(11) NOT NULL AUTO_INCREMENT, AUTO_INCREMENT=6;

--
-- AUTO_INCREMENT for table `playlists`
--
ALTER TABLE `playlists`
  MODIFY `id` int(11) NOT NULL AUTO_INCREMENT, AUTO_INCREMENT=3;

--
-- AUTO_INCREMENT for table `playlistsongs`
--
ALTER TABLE `playlistsongs`
  MODIFY `id` int(11) NOT NULL AUTO_INCREMENT, AUTO_INCREMENT=13;

--
-- AUTO_INCREMENT for table `songs`
--
ALTER TABLE `songs`
  MODIFY `id` int(11) NOT NULL AUTO_INCREMENT, AUTO_INCREMENT=9;

--
-- AUTO_INCREMENT for table `users`
--
ALTER TABLE `users`
  MODIFY `id` int(11) NOT NULL AUTO_INCREMENT, AUTO_INCREMENT=3;
COMMIT;

/*!40101 SET CHARACTER_SET_CLIENT=@OLD_CHARACTER_SET_CLIENT */;
/*!40101 SET CHARACTER_SET_RESULTS=@OLD_CHARACTER_SET_RESULTS */;
/*!40101 SET COLLATION_CONNECTION=@OLD_COLLATION_CONNECTION */;
